Date,Result,Powerball,Double Play,Double Play Powerball,Power Play,Double Play Multiplier
2025-10-27,"17, 39, 43, 51, 66",20,"16, 31, 60, 63, 65",,x2,
2025-10-25,"2, 12, 22, 39, 67",15,"3, 24, 46, 58, 61",,x2,
2025-10-22,"18, 37, 52, 54, 60",12,"23, 37, 43, 60, 64",,x2,
2025-10-20,"32, 38, 66, 67, 69",19,"33, 48, 52, 55, 68",,x2,
2025-10-18,"3, 11, 27, 40, 58",10,"2, 9, 10, 14, 36",,x3,
2025-10-15,"10, 13, 28, 34, 47",15,"5, 20, 27, 44, 51",,x3,
2025-10-13,"13, 14, 32, 52, 64",12,"12, 13, 46, 49, 68",,x2,
2025-10-11,"13, 16, 18, 20, 27",10,"12, 22, 41, 46, 56",,x2,
2025-10-08,"8, 10, 44, 48, 54",14,"8, 13, 19, 34, 53",,x2,
2025-10-06,"28, 29, 32, 66, 67",3,"9, 21, 37, 40, 52",,x2,
2025-10-04,"3, 7, 47, 67, 68",2,"5, 16, 40, 44, 47",,x2,
2025-10-01,"8, 17, 22, 28, 55",14,"3, 29, 38, 56, 65",,x3,
2025-09-29,"1, 3, 27, 60, 65",16,"2, 9, 12, 18, 65",,x5,
2025-09-27,"10, 16, 32, 61, 66",4,"5, 21, 22, 49, 68",,x2,
2025-09-24,"15, 31, 45, 49, 53",19,"10, 21, 23, 30, 56",,x3,
2025-09-22,"3, 29, 42, 46, 59",15,"32, 49, 50, 56, 63",,x3,
2025-09-20,"15, 29, 64, 66, 67",4,"2, 22, 34, 57, 66",,x2,
2025-09-17,"7, 30, 50, 54, 62",20,"8, 19, 47, 51, 58",,x2,
2025-09-15,"14, 15, 32, 42, 49",1,"7, 19, 42, 53, 56",,x2,
2025-09-13,"28, 37, 42, 50, 53",19,"3, 6, 20, 34, 49",,x2,
2025-09-10,"2, 24, 45, 53, 64",5,"2, 12, 27, 31, 60",,x2,
2025-09-08,"26, 28, 41, 53, 64",9,"7, 18, 19, 22, 68",,x3,
2025-09-06,"11, 23, 44, 61, 62",17,"21, 29, 34, 41, 65",,x2,
2025-09-03,"3, 16, 29, 61, 69",22,"7, 32, 39, 50, 61",,x2,
2025-09-01,"8, 23, 25, 40, 53",5,"1, 15, 26, 48, 67",,x3,
2025-08-30,"3, 18, 22, 27, 33",17,"7, 15, 36, 42, 65",,x3,
2025-08-27,"9, 12, 22, 41, 61",25,"12, 19, 26, 51, 62",,x4,
2025-08-25,"16, 19, 34, 37, 64",22,"15, 16, 23, 52, 66",,x3,
2025-08-23,"11, 14, 34, 47, 51",18,"9, 23, 24, 33, 44",,x2,
2025-08-20,"31, 59, 62, 65, 68",5,"16, 17, 23, 46, 52",,x2,
2025-08-18,"15, 46, 61, 63, 64",1,"6, 28, 38, 48, 55",,x3,
2025-08-16,"23, 40, 49, 65, 69",23,"31, 34, 43, 44, 55",,x3,
2025-08-13,"4, 11, 40, 44, 50",4,"29, 33, 41, 50, 54",,x3,
2025-08-11,"6, 16, 33, 40, 62",2,"9, 10, 17, 29, 65",,x2,
2025-08-09,"7, 14, 23, 24, 60",14,"5, 22, 26, 29, 40",,x2,
2025-08-06,"15, 27, 43, 45, 53",9,"9, 19, 21, 33, 46",,x2,
2025-08-04,"8, 9, 19, 31, 38",21,"7, 18, 41, 42, 62",,x2,
2025-08-02,"6, 18, 34, 35, 36",2,"10, 20, 36, 58, 59",,x2,
2025-07-30,"4, 15, 35, 50, 64",8,"13, 32, 65, 66, 68",,x4,
2025-07-28,"7, 35, 36, 43, 62",3,"11, 25, 40, 50, 65",,x3,
2025-07-26,"8, 31, 57, 65, 67",23,"11, 16, 21, 29, 41",,x3,
2025-07-23,"2, 18, 19, 25, 35",25,"4, 21, 35, 60, 69",,x3,
2025-07-21,"8, 11, 28, 33, 42",2,"2, 41, 56, 59, 66",,x2,
2025-07-19,"28, 48, 51, 61, 69",20,"6, 29, 38, 43, 67",,x3,
2025-07-16,"4, 21, 43, 48, 49",22,"8, 23, 42, 56, 68",,x2,
2025-07-14,"8, 12, 45, 46, 63",24,"9, 14, 38, 39, 41",,x2,
2025-07-12,"8, 16, 24, 33, 54",18,"5, 8, 35, 62, 63",,x2,
2025-07-09,"5, 9, 25, 28, 69",5,"24, 40, 51, 52, 61",,x2,
2025-07-07,"33, 35, 58, 61, 69",25,"14, 17, 49, 52, 68",,x5,
2025-07-05,"1, 28, 34, 50, 58",8,"15, 20, 61, 63, 69",,x2,
2025-07-02,"7, 19, 21, 54, 63",21,"10, 18, 21, 37, 40",,x2,
2025-06-30,"13, 28, 44, 52, 55",6,"4, 9, 41, 42, 61",,x4,
2025-06-28,"4, 35, 43, 52, 62",12,"8, 15, 22, 34, 62",,x2,
2025-06-25,"2, 12, 37, 51, 61",22,"1, 11, 49, 57, 61",,x3,
2025-06-23,"5, 25, 42, 44, 65",20,"4, 7, 12, 20, 55",,x3,
2025-06-21,"3, 16, 32, 52, 62",24,"1, 26, 29, 44, 52",,x3,
2025-06-18,"23, 29, 50, 64, 67",11,"13, 15, 17, 36, 66",,x2,
2025-06-16,"17, 21, 23, 27, 52",19,"32, 42, 52, 55, 56",,x5,
2025-06-14,"4, 6, 9, 23, 59",25,"19, 20, 39, 47, 55",,x3,
2025-06-11,"13, 25, 29, 37, 53",3,"4, 29, 37, 48, 56",,x2,
2025-06-09,"30, 33, 40, 43, 52",25,"1, 7, 24, 50, 59",,x4,
2025-06-07,"31, 36, 43, 48, 62",25,"6, 7, 16, 22, 28",,x2,
2025-06-04,"5, 17, 23, 35, 45",24,"13, 33, 35, 36, 56",,x10,
2025-06-02,"1, 7, 44, 57, 61",21,"4, 25, 43, 44, 63",,x3,
2025-05-31,"1, 29, 37, 56, 68",13,"34, 44, 61, 64, 68",,x2,
2025-05-28,"23, 27, 32, 35, 59",11,"14, 30, 41, 48, 69",,x2,
2025-05-26,"13, 47, 52, 64, 67",25,"7, 13, 27, 29, 67",,x2,
2025-05-24,"12, 18, 28, 48, 52",5,"25, 29, 50, 64, 65",,x3,
2025-05-21,"9, 29, 31, 34, 43",2,"4, 9, 21, 37, 56",,x2,
2025-05-19,"13, 14, 37, 50, 60",11,"11, 12, 27, 30, 35",,x2,
2025-05-17,"7, 34, 40, 42, 52",15,"14, 18, 31, 34, 37",,x2,
2025-05-14,"4, 10, 24, 29, 53",4,"2, 44, 55, 56, 67",,x3,
2025-05-12,"15, 16, 41, 48, 60",21,"23, 45, 53, 54, 57",,x3,
2025-05-10,"5, 20, 28, 39, 42",13,"24, 36, 43, 47, 69",,x2,
2025-05-07,"14, 15, 30, 40, 59",20,"9, 31, 32, 50, 57",,x3,
2025-05-05,"16, 34, 40, 45, 66",19,"21, 26, 28, 62, 63",,x2,
2025-05-03,"10, 21, 23, 35, 65",24,"14, 23, 33, 38, 60",,x2,
2025-04-30,"1, 2, 3, 57, 59",9,"1, 34, 38, 60, 65",,x2,
2025-04-28,"26, 43, 51, 56, 60",24,"11, 13, 39, 48, 61",,x4,
2025-04-26,"1, 12, 14, 18, 69",2,"12, 20, 26, 38, 40",,x3,
2025-04-23,"15, 44, 63, 66, 69",20,"37, 42, 49, 54, 66",,x2,
2025-04-21,"4, 33, 45, 46, 51",25,"18, 23, 34, 35, 67",,x3,
2025-04-19,"7, 25, 37, 39, 63",1,"2, 3, 21, 55, 63",,x3,
2025-04-16,"20, 24, 42, 43, 49",19,"7, 36, 40, 47, 59",,x3,
2025-04-14,"3, 20, 30, 52, 62",1,"9, 18, 41, 42, 63",,x3,
2025-04-12,"16, 22, 44, 45, 53",19,"5, 10, 46, 49, 60",,x2,
2025-04-09,"4, 29, 37, 55, 67",10,"2, 15, 44, 60, 68",,x4,
2025-04-07,"20, 23, 48, 59, 66",4,"2, 31, 36, 51, 58",,x2,
2025-04-05,"4, 23, 30, 46, 62",2,"10, 16, 20, 48, 51",,x4,
2025-04-02,"5, 17, 41, 64, 69",1,"7, 18, 23, 31, 44",,x2,
2025-03-31,"12, 41, 44, 52, 64",25,"2, 44, 52, 65, 66",,x2,
2025-03-29,"7, 11, 21, 53, 61",2,"7, 11, 14, 26, 59",,x3,
2025-03-26,"5, 20, 29, 39, 53",6,"26, 32, 41, 51, 66",,x3,
2025-03-24,"6, 23, 35, 36, 47",12,"2, 54, 59, 65, 68",,x2,
2025-03-22,"6, 7, 25, 46, 57",12,"2, 4, 47, 53, 64",,x3,
2025-03-19,"8, 11, 21, 49, 59",15,"7, 15, 36, 40, 56",,x2,
2025-03-17,"11, 18, 23, 38, 60",9,"4, 19, 21, 38, 64",,x2,
2025-03-15,"12, 28, 33, 36, 54",5,"35, 36, 47, 50, 58",,x3,
2025-03-12,"11, 13, 28, 51, 58",1,"30, 31, 45, 56, 69",,x2,
2025-03-10,"17, 40, 47, 50, 55",6,"41, 42, 46, 48, 59",,x2,
2025-03-08,"2, 4, 16, 23, 63",13,"21, 24, 37, 62, 68",,x3,
2025-03-05,"24, 28, 40, 63, 65",20,"22, 36, 39, 45, 50",,x3,
2025-03-03,"18, 20, 50, 52, 56",20,"9, 34, 54, 67, 69",,x2,
2025-03-01,"2, 23, 36, 44, 49",25,"6, 19, 37, 66, 68",,x3,
2025-02-26,"28, 48, 55, 60, 62",20,"21, 26, 45, 46, 64",,x2,
2025-02-24,"10, 11, 34, 59, 68",14,"22, 48, 61, 63, 66",,x3,
2025-02-22,"7, 18, 22, 50, 65",15,"9, 18, 26, 35, 57",,x2,
2025-02-19,"6, 21, 28, 49, 60",20,"15, 21, 34, 43, 60",,x2,
2025-02-17,"4, 44, 47, 52, 57",9,"17, 18, 49, 56, 59",,x4,
2025-02-15,"3, 16, 45, 54, 56",12,"12, 18, 43, 58, 61",,x2,
2025-02-12,"21, 32, 36, 45, 49",18,"11, 24, 26, 31, 39",,x2,
2025-02-10,"2, 17, 18, 29, 43",3,"2, 21, 34, 38, 44",,x3,
2025-02-08,"23, 44, 57, 60, 62",9,"5, 20, 23, 36, 53",,x2,
2025-02-05,"19, 27, 30, 50, 62",14,"13, 24, 40, 41, 50",,x3,
2025-02-03,"12, 37, 47, 54, 60",17,"7, 38, 39, 42, 55",,x3,
2025-02-01,"23, 29, 32, 49, 61",8,"3, 15, 37, 49, 69",,x2,
2025-01-29,"8, 12, 31, 33, 38",18,"18, 28, 41, 63, 68",,x3,
2025-01-27,"2, 40, 47, 53, 55",20,"1, 9, 34, 63, 67",,x2,
2025-01-25,"8, 15, 17, 53, 66",14,"2, 5, 52, 59, 60",,x3,
2025-01-22,"5, 6, 27, 40, 49",5,"1, 12, 39, 40, 52",,x2,
2025-01-20,"15, 16, 32, 47, 54",6,"10, 23, 33, 38, 54",,x3,
2025-01-18,"14, 31, 35, 64, 69",23,"7, 34, 40, 48, 57",,x2,
2025-01-15,"8, 41, 52, 53, 58",7,"11, 15, 25, 51, 54",,x3,
2025-01-13,"4, 6, 16, 39, 66",9,"29, 30, 32, 37, 56",,x2,
2025-01-11,"3, 6, 32, 37, 65",4,"22, 24, 25, 44, 53",,x3,
2025-01-08,"1, 20, 36, 38, 43",24,"22, 29, 36, 61, 65",,x2,
2025-01-06,"17, 34, 46, 66, 67",14,"41, 44, 54, 57, 64",,x2,
2025-01-04,"26, 32, 43, 54, 56",24,"12, 25, 63, 65, 66",,x2,
2025-01-01,"6, 12, 28, 35, 66",26,"8, 10, 25, 33, 66",,x3,
2024-12-30,"9, 19, 33, 38, 39",1,"15, 34, 52, 56, 57",,x3,
2024-12-28,"6, 31, 51, 54, 55",12,"22, 40, 42, 54, 68",,x2,
2024-12-25,"15, 26, 27, 30, 35",3,"8, 29, 30, 47, 57",,x3,
2024-12-23,"22, 42, 44, 57, 64",18,"16, 49, 62, 63, 68",,x2,
2024-12-21,"1, 12, 17, 21, 58",1,"29, 45, 46, 51, 59",,x3,
2024-12-18,"6, 15, 18, 33, 49",7,"41, 45, 52, 56, 67",,x2,
2024-12-16,"9, 30, 33, 57, 61",17,"2, 7, 15, 21, 56",,x2,
2024-12-14,"12, 17, 23, 52, 67",1,"12, 16, 36, 55, 64",,x2,
2024-12-11,"13, 44, 50, 52, 54",20,"18, 23, 34, 60, 62",,x2,
2024-12-09,"35, 37, 40, 45, 51",24,"7, 17, 28, 44, 54",,x2,
2024-12-07,"1, 31, 43, 55, 57",22,"8, 10, 39, 57, 61",,x2,
2024-12-04,"1, 23, 25, 28, 61",13,"14, 35, 43, 48, 54",,x2,
2024-12-02,"3, 9, 26, 61, 67",13,"14, 27, 34, 39, 40",,x2,
2024-11-30,"4, 24, 29, 39, 63",25,"9, 21, 37, 43, 61",,x4,
2024-11-27,"1, 6, 7, 13, 40",5,"19, 37, 41, 42, 62",,x5,
2024-11-25,"5, 35, 45, 60, 63",12,"2, 13, 25, 27, 39",,x2,
2024-11-23,"12, 13, 34, 44, 67",8,"36, 40, 41, 50, 60",,x3,
2024-11-20,"16, 30, 60, 62, 64",25,"3, 10, 37, 40, 68",,x3,
2024-11-18,"27, 31, 41, 52, 69",26,"2, 6, 24, 36, 43",,x3,
2024-11-16,"21, 22, 25, 32, 38",16,"16, 23, 31, 59, 63",,x5,
2024-11-13,"9, 20, 26, 43, 58",9,"14, 41, 45, 55, 59",,x2,
2024-11-11,"3, 21, 24, 34, 46",9,"16, 23, 38, 40, 57",,x3,
2024-11-09,"11, 24, 50, 56, 66",16,"9, 28, 40, 55, 57",,x2,
2024-11-06,"12, 17, 37, 58, 62",4,"12, 16, 17, 39, 45",,x2,
2024-11-04,"6, 18, 33, 48, 53",21,"8, 14, 16, 34, 51",,x10,
2024-11-02,"10, 45, 48, 58, 61",2,"4, 20, 37, 48, 58",,x3,
2024-10-30,"13, 22, 29, 43, 58",22,"18, 36, 39, 49, 62",,x3,
2024-10-28,"21, 27, 32, 48, 67",17,"6, 16, 19, 24, 40",,x2,
2021-01-01,,,,,,
2020-01-01,,,,,,
2019-01-01,,,,,,
